year,round,reg_num,reg_name,team,seed,score,team_opp,score_opp,forest,lasso,ridge,net,forest_opp,lasso_opp,ridge_opp,net_opp,tie,win_pred,win_actual
2015,1,3,East,Albany,14,60,Oklahoma,69,8,5,5,5,48,54,54,54,0,0,0
2015,1,2,West,Arizona,2,93,Texas Southern,72,59,57,57,57,3,3,3,3,0,1,1
2015,2,2,West,Arizona,2,73,Ohio St.,58,59,57,57,57,46,55,55,55,0,1,1
2015,3,2,West,Arizona,2,68,Xavier,60,59,57,57,57,38,32,32,32,0,1,1
2015,4,2,West,Arizona,2,78,Wisconsin,85,59,57,57,57,61,58,58,58,0,0,0
2015,1,2,West,Arkansas,5,56,Wofford,53,38,40,40,40,14,16,16,16,0,1,1
2015,2,2,West,Arkansas,5,78,North Carolina,87,38,40,40,40,52,60,60,60,0,0,0
2015,1,2,West,Baylor,3,56,Georgia St.,57,43,56,56,56,31,26,26,26,0,1,0
2015,1,3,East,Belmont,15,67,Virginia,79,8,10,10,10,51,59,59,59,0,0,0
2015,1,1,Midwest,Buffalo,12,62,West Virginia,68,18,14,14,14,44,39,39,39,0,0,0
2015,1,1,Midwest,Butler,6,56,Texas,48,40,38,38,38,29,36,36,36,0,1,1
2015,2,1,Midwest,Butler,6,64,Notre Dame,67,40,38,38,38,57,49,49,49,0,0,0
2015,1,1,Midwest,Cincinnati,8,66,Purdue,65,44,43,43,43,28,24,24,24,0,1,1
2015,2,1,Midwest,Cincinnati,8,51,Kentucky,64,44,43,43,43,59,63,63,63,0,0,0
2015,1,2,West,Coastal Carolina,16,72,Wisconsin,86,8,1,1,1,61,58,58,58,0,0,0
2015,1,4,South,Davidson,10,52,Iowa,83,26,37,37,37,42,45,45,45,0,0,0
2015,1,3,East,Dayton,11,66,Providence,53,27,22,22,22,32,28,28,28,0,0,1
2015,2,3,East,Dayton,11,66,Oklahoma,72,27,22,22,22,48,54,54,54,0,0,0
2015,1,4,South,Duke,1,85,Robert Morris,56,63,62,62,62,6,4,4,4,0,1,1
2015,2,4,South,Duke,1,68,San Diego St.,49,63,62,62,62,46,44,44,44,0,1,1
2015,3,4,South,Duke,1,63,Utah,57,63,62,62,62,53,50,50,50,0,1,1
2015,4,4,South,Duke,1,66,Gonzaga,52,63,62,62,62,59,51,51,51,0,1,1
2015,5,2,Final Four,Duke,1,81,Michigan St.,61,63,62,62,62,53,47,47,47,0,1,1
2015,6,1,Championship,Duke,1,68,Wisconsin,63,63,62,62,62,61,58,58,58,0,1,1
2015,1,4,South,Eastern Washington,13,74,Georgetown,84,14,13,13,13,41,35,35,35,0,0,0
2015,1,4,South,Georgetown,4,84,Eastern Washington,74,41,35,35,35,14,13,13,13,0,1,1
2015,2,4,South,Georgetown,4,64,Utah,75,41,35,35,35,53,50,50,50,0,0,0
2015,1,3,East,Georgia,10,63,Michigan St.,70,27,20,20,20,53,47,47,47,0,0,0
2015,1,2,West,Georgia St.,14,57,Baylor,56,31,26,26,26,43,56,56,56,0,0,1
2015,2,2,West,Georgia St.,14,67,Xavier,75,31,26,26,26,38,32,32,32,0,0,0
2015,1,4,South,Gonzaga,2,86,North Dakota St.,76,59,51,51,51,9,2,2,2,0,1,1
2015,2,4,South,Gonzaga,2,87,Iowa,68,59,51,51,51,42,45,45,45,0,1,1
2015,3,4,South,Gonzaga,2,74,UCLA,62,59,51,51,51,30,19,19,19,0,1,1
2015,4,4,South,Gonzaga,2,52,Duke,66,59,51,51,51,63,62,62,62,0,0,0
2015,1,1,Midwest,Hampton,16,56,Kentucky,79,3,0,0,0,59,63,63,63,0,0,0
2015,1,2,West,Harvard,13,65,North Carolina,67,17,11,11,11,52,60,60,60,0,0,0
2015,1,1,Midwest,Indiana,10,76,Wichita St.,81,15,27,27,27,57,52,52,52,0,0,0
2015,1,4,South,Iowa,7,83,Davidson,52,42,45,45,45,26,37,37,37,0,1,1
2015,2,4,South,Iowa,7,68,Gonzaga,87,42,45,45,45,59,51,51,51,0,0,0
2015,1,4,South,Iowa St.,3,59,UAB,60,37,41,41,41,12,8,8,8,0,1,0
2015,1,1,Midwest,Kansas,2,75,New Mexico St.,56,46,53,53,53,14,9,9,9,0,1,1
2015,2,1,Midwest,Kansas,2,65,Wichita St.,78,46,53,53,53,57,52,52,52,0,0,0
2015,1,1,Midwest,Kentucky,1,79,Hampton,56,59,63,63,63,3,0,0,0,0,1,1
2015,2,1,Midwest,Kentucky,1,64,Cincinnati,51,59,63,63,63,44,43,43,43,0,1,1
2015,3,1,Midwest,Kentucky,1,78,West Virginia,39,59,63,63,63,44,39,39,39,0,1,1
2015,4,1,Midwest,Kentucky,1,68,Notre Dame,66,59,63,63,63,57,49,49,49,0,1,1
2015,5,1,Final Four,Kentucky,1,64,Wisconsin,71,59,63,63,63,61,58,58,58,0,0,0
2015,1,3,East,Lafayette,16,52,Villanova,93,10,15,15,15,60,61,61,61,0,0,0
2015,1,3,East,Louisville,4,57,UC Irvine,55,53,48,48,48,18,12,12,12,0,1,1
2015,2,3,East,Louisville,4,66,Northern Iowa,53,53,48,48,48,55,46,46,46,0,0,1
2015,3,3,East,Louisville,4,75,North Carolina St.,65,53,48,48,48,38,23,23,23,0,1,1
2015,4,3,East,Louisville,4,70,Michigan St.,76,53,48,48,48,53,47,47,47,1,0,0
2015,1,3,East,LSU,9,65,North Carolina St.,66,31,42,42,42,38,23,23,23,0,0,0
2015,1,1,Midwest,Maryland,4,65,Valparaiso,62,36,31,31,31,20,18,18,18,0,1,1
2015,2,1,Midwest,Maryland,4,59,West Virginia,69,36,31,31,31,44,39,39,39,0,0,0
2015,1,3,East,Michigan St.,7,70,Georgia,63,53,47,47,47,27,20,20,20,0,1,1
2015,2,3,East,Michigan St.,7,60,Virginia,54,53,47,47,47,51,59,59,59,0,1,1
2015,3,3,East,Michigan St.,7,62,Oklahoma,58,53,47,47,47,48,54,54,54,0,1,1
2015,4,3,East,Michigan St.,7,76,Louisville,70,53,47,47,47,53,48,48,48,1,1,1
2015,5,2,Final Four,Michigan St.,7,61,Duke,81,53,47,47,47,63,62,62,62,0,0,0
2015,1,2,West,Mississippi,11,57,Xavier,76,18,17,17,17,38,32,32,32,0,0,0
2015,1,1,Midwest,New Mexico St.,15,56,Kansas,75,14,9,9,9,46,53,53,53,0,0,0
2015,1,2,West,North Carolina,4,67,Harvard,65,52,60,60,60,17,11,11,11,0,1,1
2015,2,2,West,North Carolina,4,87,Arkansas,78,52,60,60,60,38,40,40,40,0,1,1
2015,3,2,West,North Carolina,4,72,Wisconsin,79,52,60,60,60,61,58,58,58,0,0,0
2015,1,3,East,North Carolina St.,8,66,LSU,65,38,23,23,23,31,42,42,42,0,1,1
2015,2,3,East,North Carolina St.,8,71,Villanova,68,38,23,23,23,60,61,61,61,0,0,1
2015,3,3,East,North Carolina St.,8,65,Louisville,75,38,23,23,23,53,48,48,48,0,0,0
2015,1,4,South,North Dakota St.,15,76,Gonzaga,86,9,2,2,2,59,51,51,51,0,0,0
2015,1,1,Midwest,Northeastern,14,65,Notre Dame,69,7,6,6,6,57,49,49,49,0,0,0
2015,1,3,East,Northern Iowa,5,71,Wyoming,54,55,46,46,46,13,7,7,7,0,1,1
2015,2,3,East,Northern Iowa,5,53,Louisville,66,55,46,46,46,53,48,48,48,0,1,0
2015,1,1,Midwest,Notre Dame,3,69,Northeastern,65,57,49,49,49,7,6,6,6,0,1,1
2015,2,1,Midwest,Notre Dame,3,67,Butler,64,57,49,49,49,40,38,38,38,0,1,1
2015,3,1,Midwest,Notre Dame,3,81,Wichita St.,70,57,49,49,49,57,52,52,52,1,1,1
2015,4,1,Midwest,Notre Dame,3,66,Kentucky,68,57,49,49,49,59,63,63,63,0,0,0
2015,1,2,West,Ohio St.,10,75,VCU,72,46,55,55,55,28,30,30,30,0,1,1
2015,2,2,West,Ohio St.,10,58,Arizona,73,46,55,55,55,59,57,57,57,0,0,0
2015,1,3,East,Oklahoma,3,69,Albany,60,48,54,54,54,8,5,5,5,0,1,1
2015,2,3,East,Oklahoma,3,72,Dayton,66,48,54,54,54,27,22,22,22,0,1,1
2015,3,3,East,Oklahoma,3,58,Michigan St.,62,48,54,54,54,53,47,47,47,0,0,0
2015,1,2,West,Oklahoma St.,9,73,Oregon,79,18,25,25,25,30,34,34,34,0,0,0
2015,1,2,West,Oregon,8,79,Oklahoma St.,73,30,34,34,34,18,25,25,25,0,1,1
2015,2,2,West,Oregon,8,65,Wisconsin,72,30,34,34,34,61,58,58,58,0,0,0
2015,1,3,East,Providence,6,53,Dayton,66,32,28,28,28,27,22,22,22,0,1,0
2015,1,1,Midwest,Purdue,9,65,Cincinnati,66,28,24,24,24,44,43,43,43,0,0,0
2015,1,4,South,Robert Morris,16,56,Duke,85,6,4,4,4,63,62,62,62,0,0,0
2015,1,4,South,San Diego St.,8,76,St. John's,64,46,44,44,44,24,33,33,33,0,1,1
2015,2,4,South,San Diego St.,8,49,Duke,68,46,44,44,44,63,62,62,62,0,0,0
2015,1,4,South,SMU,6,59,UCLA,60,26,29,29,29,30,19,19,19,0,0,0
2015,1,4,South,St. John's,9,64,San Diego St.,76,24,33,33,33,46,44,44,44,0,0,0
2015,1,4,South,Stephen F. Austin,12,50,Utah,57,19,21,21,21,53,50,50,50,0,0,0
2015,1,1,Midwest,Texas,11,48,Butler,56,29,36,36,36,40,38,38,38,0,0,0
2015,1,2,West,Texas Southern,15,72,Arizona,93,3,3,3,3,59,57,57,57,0,0,0
2015,1,4,South,UAB,14,60,Iowa St.,59,12,8,8,8,37,41,41,41,0,0,1
2015,2,4,South,UAB,14,75,UCLA,92,12,8,8,8,30,19,19,19,0,0,0
2015,1,3,East,UC Irvine,13,55,Louisville,57,18,12,12,12,53,48,48,48,0,0,0
2015,1,4,South,UCLA,11,60,SMU,59,30,19,19,19,26,29,29,29,0,1,1
2015,2,4,South,UCLA,11,92,UAB,75,30,19,19,19,12,8,8,8,0,1,1
2015,3,4,South,UCLA,11,62,Gonzaga,74,30,19,19,19,59,51,51,51,0,0,0
2015,1,4,South,Utah,5,57,Stephen F. Austin,50,53,50,50,50,19,21,21,21,0,1,1
2015,2,4,South,Utah,5,75,Georgetown,64,53,50,50,50,41,35,35,35,0,1,1
2015,3,4,South,Utah,5,57,Duke,63,53,50,50,50,63,62,62,62,0,0,0
2015,1,1,Midwest,Valparaiso,13,62,Maryland,65,20,18,18,18,36,31,31,31,0,0,0
2015,1,2,West,VCU,7,72,Ohio St.,75,28,30,30,30,46,55,55,55,0,0,0
2015,1,3,East,Villanova,1,93,Lafayette,52,60,61,61,61,10,15,15,15,0,1,1
2015,2,3,East,Villanova,1,68,North Carolina St.,71,60,61,61,61,38,23,23,23,0,1,0
2015,1,3,East,Virginia,2,79,Belmont,67,51,59,59,59,8,10,10,10,0,1,1
2015,2,3,East,Virginia,2,54,Michigan St.,60,51,59,59,59,53,47,47,47,0,0,0
2015,1,1,Midwest,West Virginia,5,68,Buffalo,62,44,39,39,39,18,14,14,14,0,1,1
2015,2,1,Midwest,West Virginia,5,69,Maryland,59,44,39,39,39,36,31,31,31,0,1,1
2015,3,1,Midwest,West Virginia,5,39,Kentucky,78,44,39,39,39,59,63,63,63,0,0,0
2015,1,1,Midwest,Wichita St.,7,81,Indiana,76,57,52,52,52,15,27,27,27,0,1,1
2015,2,1,Midwest,Wichita St.,7,78,Kansas,65,57,52,52,52,46,53,53,53,0,1,1
2015,3,1,Midwest,Wichita St.,7,70,Notre Dame,81,57,52,52,52,57,49,49,49,1,0,0
2015,1,2,West,Wisconsin,1,86,Coastal Carolina,72,61,58,58,58,8,1,1,1,0,1,1
2015,2,2,West,Wisconsin,1,72,Oregon,65,61,58,58,58,30,34,34,34,0,1,1
2015,3,2,West,Wisconsin,1,79,North Carolina,72,61,58,58,58,52,60,60,60,0,1,1
2015,4,2,West,Wisconsin,1,85,Arizona,78,61,58,58,58,59,57,57,57,0,1,1
2015,5,1,Final Four,Wisconsin,1,71,Kentucky,64,61,58,58,58,59,63,63,63,0,1,1
2015,6,1,Championship,Wisconsin,1,63,Duke,68,61,58,58,58,63,62,62,62,0,0,0
2015,1,2,West,Wofford,12,53,Arkansas,56,14,16,16,16,38,40,40,40,0,0,0
2015,1,3,East,Wyoming,12,54,Northern Iowa,71,13,7,7,7,55,46,46,46,0,0,0
2015,1,2,West,Xavier,6,76,Mississippi,57,38,32,32,32,18,17,17,17,0,1,1
2015,2,2,West,Xavier,6,75,Georgia St.,67,38,32,32,32,31,26,26,26,0,1,1
2015,3,2,West,Xavier,6,60,Arizona,68,38,32,32,32,59,57,57,57,0,0,0
2016,1,1,South,Arizona,6,55,Wichita St.,65,39,30,30,30,43,39,39,39,0,0,0
2016,1,4,Midwest,Arkansas Little Rock,12,85,Purdue,83,34,33,33,33,52,51,51,51,0,0,1
2016,2,4,Midwest,Arkansas Little Rock,12,61,Iowa St.,78,34,33,33,33,41,45,45,45,0,0,0
2016,1,1,South,Austin Peay,16,79,Kansas,105,4,1,1,1,60,61,61,61,0,0,0
2016,1,2,West,Baylor,5,75,Yale,79,20,25,25,25,26,22,22,22,0,0,0
2016,1,1,South,Buffalo,14,72,Miami FL,79,4,2,2,2,50,49,49,49,0,0,0
2016,1,4,Midwest,Butler,9,71,Texas Tech,61,27,23,23,23,16,18,18,18,0,1,1
2016,2,4,Midwest,Butler,9,69,Virginia,77,27,23,23,23,59,62,62,62,0,0,0
2016,1,2,West,Cal St. Bakersfield,15,68,Oklahoma,82,24,16,16,16,59,58,58,58,0,0,0
2016,1,1,South,California,4,66,Hawaii,77,37,35,35,35,37,26,26,26,1,0,0
2016,1,3,East,Chattanooga,12,74,Indiana,99,11,12,12,12,50,47,47,47,0,0,0
2016,1,2,West,Cincinnati,9,76,Saint Joseph's,78,39,42,42,42,37,31,31,31,0,1,0
2016,1,1,South,Colorado,8,67,Connecticut,74,18,15,15,15,38,48,48,48,0,0,0
2016,1,1,South,Connecticut,9,74,Colorado,67,38,48,48,48,18,15,15,15,0,1,1
2016,2,1,South,Connecticut,9,61,Kansas,73,38,48,48,48,60,61,61,61,0,0,0
2016,1,4,Midwest,Dayton,7,51,Syracuse,70,27,29,29,29,55,55,55,55,0,0,0
2016,1,2,West,Duke,4,93,UNC Wilmington,85,42,38,38,38,19,14,14,14,0,1,1
2016,2,2,West,Duke,4,71,Yale,64,42,38,38,38,26,22,22,22,0,1,1
2016,3,2,West,Duke,4,68,Oregon,82,42,38,38,38,52,53,53,53,0,0,0
2016,1,3,East,Florida Gulf Coast,16,67,North Carolina,83,6,3,3,3,61,60,60,60,0,0,0
2016,1,4,Midwest,Fresno St.,14,69,Utah,80,14,10,10,10,39,34,34,34,0,0,0
2016,1,4,Midwest,Gonzaga,11,68,Seton Hall,52,57,54,54,54,42,52,52,52,0,1,1
2016,2,4,Midwest,Gonzaga,11,82,Utah,59,57,54,54,54,39,34,34,34,0,1,1
2016,3,4,Midwest,Gonzaga,11,60,Syracuse,63,57,54,54,54,55,55,55,55,0,1,0
2016,1,2,West,Green Bay,14,65,Texas A&M,92,8,6,6,6,54,57,57,57,0,0,0
2016,1,4,Midwest,Hampton,16,45,Virginia,81,4,0,0,0,59,62,62,62,0,0,0
2016,1,1,South,Hawaii,13,77,California,66,37,26,26,26,37,35,35,35,1,1,1
2016,2,1,South,Hawaii,13,60,Maryland,73,37,26,26,26,46,40,40,40,0,0,0
2016,1,2,West,Holy Cross,16,52,Oregon,91,3,4,4,4,52,53,53,53,0,0,0
2016,1,3,East,Indiana,5,99,Chattanooga,74,50,47,47,47,11,12,12,12,0,1,1
2016,2,3,East,Indiana,5,73,Kentucky,67,50,47,47,47,54,59,59,59,0,0,1
2016,3,3,East,Indiana,5,86,North Carolina,101,50,47,47,47,61,60,60,60,0,0,0
2016,1,4,Midwest,Iona,13,81,Iowa St.,94,13,11,11,11,41,45,45,45,0,0,0
2016,1,1,South,Iowa,7,72,Temple,70,39,43,43,43,15,17,17,17,0,1,1
2016,2,1,South,Iowa,7,68,Villanova,87,39,43,43,43,63,63,63,63,0,0,0
2016,1,4,Midwest,Iowa St.,4,94,Iona,81,41,45,45,45,13,11,11,11,0,1,1
2016,2,4,Midwest,Iowa St.,4,78,Arkansas Little Rock,61,41,45,45,45,34,33,33,33,0,1,1
2016,3,4,Midwest,Iowa St.,4,71,Virginia,84,41,45,45,45,59,62,62,62,0,0,0
2016,1,1,South,Kansas,1,105,Austin Peay,79,60,61,61,61,4,1,1,1,0,1,1
2016,2,1,South,Kansas,1,73,Connecticut,61,60,61,61,61,38,48,48,48,0,1,1
2016,3,1,South,Kansas,1,79,Maryland,63,60,61,61,61,46,40,40,40,0,1,1
2016,4,1,South,Kansas,1,59,Villanova,64,60,61,61,61,63,63,63,63,0,0,0
2016,1,3,East,Kentucky,4,85,Stony Brook,57,54,59,59,59,15,13,13,13,0,1,1
2016,2,3,East,Kentucky,4,67,Indiana,73,54,59,59,59,50,47,47,47,0,1,0
2016,1,1,South,Maryland,5,79,South Dakota St.,74,46,40,40,40,17,9,9,9,0,1,1
2016,2,1,South,Maryland,5,73,Hawaii,60,46,40,40,40,37,26,26,26,0,1,1
2016,3,1,South,Maryland,5,63,Kansas,79,46,40,40,40,60,61,61,61,0,0,0
2016,1,1,South,Miami FL,3,79,Buffalo,72,50,49,49,49,4,2,2,2,0,1,1
2016,2,1,South,Miami FL,3,65,Wichita St.,57,50,49,49,49,43,39,39,39,0,1,1
2016,3,1,South,Miami FL,3,69,Villanova,92,50,49,49,49,63,63,63,63,0,0,0
2016,1,3,East,Michigan,11,63,Notre Dame,70,20,19,19,19,43,28,28,28,0,0,0
2016,1,4,Midwest,Michigan St.,2,81,Middle Tennessee,90,51,50,50,50,14,8,8,8,0,1,0
2016,1,4,Midwest,Middle Tennessee,15,90,Michigan St.,81,14,8,8,8,51,50,50,50,0,0,1
2016,2,4,Midwest,Middle Tennessee,15,50,Syracuse,75,14,8,8,8,55,55,55,55,0,0,0
2016,1,3,East,North Carolina,1,83,Florida Gulf Coast,67,61,60,60,60,6,3,3,3,0,1,1
2016,2,3,East,North Carolina,1,85,Providence,66,61,60,60,60,32,36,36,36,0,1,1
2016,3,3,East,North Carolina,1,101,Indiana,86,61,60,60,60,50,47,47,47,0,1,1
2016,4,3,East,North Carolina,1,88,Notre Dame,74,61,60,60,60,43,28,28,28,0,1,1
2016,5,2,Final Four,North Carolina,1,83,Syracuse,66,61,60,60,60,55,55,55,55,0,1,1
2016,6,1,Championship,North Carolina,1,74,Villanova,77,61,60,60,60,63,63,63,63,0,0,0
2016,1,2,West,Northern Iowa,11,75,Texas,72,27,24,24,24,25,37,37,37,0,1,1
2016,2,2,West,Northern Iowa,11,88,Texas A&M,92,27,24,24,24,54,57,57,57,0,0,0
2016,1,3,East,Notre Dame,6,70,Michigan,63,43,28,28,28,20,19,19,19,0,1,1
2016,2,3,East,Notre Dame,6,76,Stephen F. Austin,75,43,28,28,28,37,44,44,44,0,1,1
2016,3,3,East,Notre Dame,6,61,Wisconsin,56,43,28,28,28,34,32,32,32,0,1,1
2016,4,3,East,Notre Dame,6,74,North Carolina,88,43,28,28,28,61,60,60,60,0,0,0
2016,1,2,West,Oklahoma,2,82,Cal St. Bakersfield,68,59,58,58,58,24,16,16,16,0,1,1
2016,2,2,West,Oklahoma,2,85,VCU,81,59,58,58,58,37,41,41,41,0,1,1
2016,3,2,West,Oklahoma,2,77,Texas A&M,63,59,58,58,58,54,57,57,57,0,1,1
2016,4,2,West,Oklahoma,2,80,Oregon,68,59,58,58,58,52,53,53,53,0,1,1
2016,5,1,Final Four,Oklahoma,2,51,Villanova,95,59,58,58,58,63,63,63,63,0,0,0
2016,1,2,West,Oregon,1,91,Holy Cross,52,52,53,53,53,3,4,4,4,0,1,1
2016,2,2,West,Oregon,1,69,Saint Joseph's,64,52,53,53,53,37,31,31,31,0,1,1
2016,3,2,West,Oregon,1,82,Duke,68,52,53,53,53,42,38,38,38,0,1,1
2016,4,2,West,Oregon,1,68,Oklahoma,80,52,53,53,53,59,58,58,58,0,0,0
2016,1,2,West,Oregon St.,7,67,VCU,75,21,20,20,20,37,41,41,41,0,0,0
2016,1,3,East,Pittsburgh,10,43,Wisconsin,47,25,27,27,27,34,32,32,32,0,0,0
2016,1,3,East,Providence,9,70,USC,69,32,36,36,36,23,21,21,21,0,1,1
2016,2,3,East,Providence,9,66,North Carolina,85,32,36,36,36,61,60,60,60,0,0,0
2016,1,4,Midwest,Purdue,5,83,Arkansas Little Rock,85,52,51,51,51,34,33,33,33,0,1,0
2016,1,2,West,Saint Joseph's,8,78,Cincinnati,76,37,31,31,31,39,42,42,42,0,0,1
2016,2,2,West,Saint Joseph's,8,64,Oregon,69,37,31,31,31,52,53,53,53,0,0,0
2016,1,4,Midwest,Seton Hall,6,52,Gonzaga,68,42,52,52,52,57,54,54,54,0,0,0
2016,1,1,South,South Dakota St.,12,74,Maryland,79,17,9,9,9,46,40,40,40,0,0,0
2016,1,3,East,Stephen F. Austin,14,70,West Virginia,56,37,44,44,44,37,56,56,56,1,1,1
2016,2,3,East,Stephen F. Austin,14,75,Notre Dame,76,37,44,44,44,43,28,28,28,0,0,0
2016,1,3,East,Stony Brook,13,57,Kentucky,85,15,13,13,13,54,59,59,59,0,0,0
2016,1,4,Midwest,Syracuse,10,70,Dayton,51,55,55,55,55,27,29,29,29,0,1,1
2016,2,4,Midwest,Syracuse,10,75,Middle Tennessee,50,55,55,55,55,14,8,8,8,0,1,1
2016,3,4,Midwest,Syracuse,10,63,Gonzaga,60,55,55,55,55,57,54,54,54,0,0,1
2016,4,4,Midwest,Syracuse,10,68,Virginia,62,55,55,55,55,59,62,62,62,0,0,1
2016,5,2,Final Four,Syracuse,10,66,North Carolina,83,55,55,55,55,61,60,60,60,0,0,0
2016,1,1,South,Temple,10,70,Iowa,72,15,17,17,17,39,43,43,43,0,0,0
2016,1,2,West,Texas,6,72,Northern Iowa,75,25,37,37,37,27,24,24,24,0,0,0
2016,1,2,West,Texas A&M,3,92,Green Bay,65,54,57,57,57,8,6,6,6,0,1,1
2016,2,2,West,Texas A&M,3,92,Northern Iowa,88,54,57,57,57,27,24,24,24,0,1,1
2016,3,2,West,Texas A&M,3,63,Oklahoma,77,54,57,57,57,59,58,58,58,0,0,0
2016,1,4,Midwest,Texas Tech,8,61,Butler,71,16,18,18,18,27,23,23,23,0,0,0
2016,1,1,South,UNC Asheville,15,56,Villanova,86,11,7,7,7,63,63,63,63,0,0,0
2016,1,2,West,UNC Wilmington,13,85,Duke,93,19,14,14,14,42,38,38,38,0,0,0
2016,1,3,East,USC,8,69,Providence,70,23,21,21,21,32,36,36,36,0,0,0
2016,1,4,Midwest,Utah,3,80,Fresno St.,69,39,34,34,34,14,10,10,10,0,1,1
2016,2,4,Midwest,Utah,3,59,Gonzaga,82,39,34,34,34,57,54,54,54,0,0,0
2016,1,2,West,VCU,10,75,Oregon St.,67,37,41,41,41,21,20,20,20,0,1,1
2016,2,2,West,VCU,10,81,Oklahoma,85,37,41,41,41,59,58,58,58,0,0,0
2016,1,1,South,Villanova,2,86,UNC Asheville,56,63,63,63,63,11,7,7,7,0,1,1
2016,2,1,South,Villanova,2,87,Iowa,68,63,63,63,63,39,43,43,43,0,1,1
2016,3,1,South,Villanova,2,92,Miami FL,69,63,63,63,63,50,49,49,49,0,1,1
2016,4,1,South,Villanova,2,64,Kansas,59,63,63,63,63,60,61,61,61,0,1,1
2016,5,1,Final Four,Villanova,2,95,Oklahoma,51,63,63,63,63,59,58,58,58,0,1,1
2016,6,1,Championship,Villanova,2,77,North Carolina,74,63,63,63,63,61,60,60,60,0,1,1
2016,1,4,Midwest,Virginia,1,81,Hampton,45,59,62,62,62,4,0,0,0,0,1,1
2016,2,4,Midwest,Virginia,1,77,Butler,69,59,62,62,62,27,23,23,23,0,1,1
2016,3,4,Midwest,Virginia,1,84,Iowa St.,71,59,62,62,62,41,45,45,45,0,1,1
2016,4,4,Midwest,Virginia,1,62,Syracuse,68,59,62,62,62,55,55,55,55,0,1,0
2016,1,3,East,Weber St.,15,53,Xavier,71,10,5,5,5,47,46,46,46,0,0,0
2016,1,3,East,West Virginia,3,56,Stephen F. Austin,70,37,56,56,56,37,44,44,44,1,0,0
2016,1,1,South,Wichita St.,11,65,Arizona,55,43,39,39,39,39,30,30,30,0,1,1
2016,2,1,South,Wichita St.,11,57,Miami FL,65,43,39,39,39,50,49,49,49,0,0,0
2016,1,3,East,Wisconsin,7,47,Pittsburgh,43,34,32,32,32,25,27,27,27,0,1,1
2016,2,3,East,Wisconsin,7,66,Xavier,63,34,32,32,32,47,46,46,46,0,0,1
2016,3,3,East,Wisconsin,7,56,Notre Dame,61,34,32,32,32,43,28,28,28,0,0,0
2016,1,3,East,Xavier,2,71,Weber St.,53,47,46,46,46,10,5,5,5,0,1,1
2016,2,3,East,Xavier,2,63,Wisconsin,66,47,46,46,46,34,32,32,32,0,1,0
2016,1,2,West,Yale,12,79,Baylor,75,26,22,22,22,20,25,25,25,0,1,1
2016,2,2,West,Yale,12,64,Duke,71,26,22,22,22,42,38,38,38,0,0,0
2017,1,2,West,Arizona,2,100,North Dakota,82,46,39,39,39,9,7,7,7,0,1,1
2017,2,2,West,Arizona,2,69,Saint Mary's,60,46,39,39,39,55,56,56,56,0,0,1
2017,3,2,West,Arizona,2,71,Xavier,73,46,39,39,39,37,19,19,19,0,1,0
2017,1,4,South,Arkansas,8,77,Seton Hall,71,27,21,21,21,18,15,15,15,0,1,1
2017,2,4,South,Arkansas,8,65,North Carolina,72,27,21,21,21,63,59,59,59,0,0,0
2017,1,1,East,Baylor,3,91,New Mexico St.,73,44,50,50,50,16,14,14,14,0,1,1
2017,2,1,East,Baylor,3,82,USC,78,44,50,50,50,34,20,20,20,0,1,1
2017,3,1,East,Baylor,3,50,South Carolina,70,44,50,50,50,54,40,40,40,0,0,0
2017,1,2,West,Bucknell,13,80,West Virginia,86,16,12,12,12,50,57,57,57,0,0,0
2017,1,4,South,Butler,4,76,Winthrop,64,37,36,36,36,12,8,8,8,0,1,1
2017,2,4,South,Butler,4,74,Middle Tennessee,65,37,36,36,36,34,28,28,28,0,1,1
2017,3,4,South,Butler,4,80,North Carolina,92,37,36,36,36,63,59,59,59,0,0,0
2017,1,4,South,Cincinnati,6,75,Kansas St.,61,49,58,58,58,28,35,35,35,0,1,1
2017,2,4,South,Cincinnati,6,67,UCLA,79,49,58,58,58,52,42,42,42,0,0,0
2017,1,3,Midwest,Creighton,6,72,Rhode Island,84,38,46,46,46,42,33,33,33,0,0,0
2017,1,4,South,Dayton,7,58,Wichita St.,64,24,18,18,18,48,41,41,41,0,0,0
2017,1,1,East,Duke,2,87,Troy,65,50,51,51,51,10,4,4,4,0,1,1
2017,2,1,East,Duke,2,81,South Carolina,88,50,51,51,51,54,40,40,40,0,0,0
2017,1,1,East,East Tennessee St.,13,65,Florida,80,16,11,11,11,54,54,54,54,0,0,0
2017,1,1,East,Florida,4,80,East Tennessee St.,65,54,54,54,54,16,11,11,11,0,1,1
2017,2,1,East,Florida,4,65,Virginia,39,54,54,54,54,34,44,44,44,0,1,1
2017,3,1,East,Florida,4,84,Wisconsin,83,54,54,54,54,47,43,43,43,0,1,1
2017,4,1,East,Florida,4,70,South Carolina,77,54,54,54,54,54,40,40,40,1,0,0
2017,1,2,West,Florida Gulf Coast,14,80,Florida St.,86,12,16,16,16,37,38,38,38,0,0,0
2017,1,2,West,Florida St.,3,86,Florida Gulf Coast,80,37,38,38,38,12,16,16,16,0,1,1
2017,2,2,West,Florida St.,3,66,Xavier,91,37,38,38,38,37,19,19,19,1,0,0
2017,1,2,West,Gonzaga,1,66,South Dakota St.,46,60,61,61,61,1,2,2,2,0,1,1
2017,2,2,West,Gonzaga,1,79,Northwestern,73,60,61,61,61,33,34,34,34,0,1,1
2017,3,2,West,Gonzaga,1,61,West Virginia,58,60,61,61,61,50,57,57,57,0,1,1
2017,4,2,West,Gonzaga,1,83,Xavier,59,60,61,61,61,37,19,19,19,0,1,1
2017,5,1,Final Four,Gonzaga,1,77,South Carolina,73,60,61,61,61,54,40,40,40,0,1,1
2017,6,1,Championship,Gonzaga,1,65,North Carolina,71,60,61,61,61,63,59,59,59,0,0,0
2017,1,3,Midwest,Iona,14,77,Oregon,93,10,9,9,9,58,62,62,62,0,0,0
2017,1,3,Midwest,Iowa St.,5,84,Nevada,73,41,49,49,49,19,13,13,13,0,1,1
2017,2,3,Midwest,Iowa St.,5,76,Purdue,80,41,49,49,49,50,45,45,45,0,0,0
2017,1,3,Midwest,Jacksonville St.,15,63,Louisville,78,6,0,0,0,49,52,52,52,0,0,0
2017,1,3,Midwest,Kansas,1,100,UC Davis,62,55,55,55,55,10,3,3,3,0,1,1
2017,2,3,Midwest,Kansas,1,90,Michigan St.,70,55,55,55,55,32,23,23,23,0,1,1
2017,3,3,Midwest,Kansas,1,98,Purdue,66,55,55,55,55,50,45,45,45,0,1,1
2017,4,3,Midwest,Kansas,1,60,Oregon,74,55,55,55,55,58,62,62,62,0,0,0
2017,1,4,South,Kansas St.,11,61,Cincinnati,75,28,35,35,35,49,58,58,58,0,0,0
2017,1,4,South,Kent St.,14,80,UCLA,97,7,6,6,6,52,42,42,42,0,0,0
2017,1,4,South,Kentucky,2,79,Northern Kentucky,70,60,60,60,60,9,5,5,5,0,1,1
2017,2,4,South,Kentucky,2,65,Wichita St.,62,60,60,60,60,48,41,41,41,0,1,1
2017,3,4,South,Kentucky,2,86,UCLA,75,60,60,60,60,52,42,42,42,0,1,1
2017,4,4,South,Kentucky,2,73,North Carolina,75,60,60,60,60,63,59,59,59,0,0,0
2017,1,3,Midwest,Louisville,2,78,Jacksonville St.,63,49,52,52,52,6,0,0,0,0,1,1
2017,2,3,Midwest,Louisville,2,69,Michigan,73,49,52,52,52,47,53,53,53,0,1,0
2017,1,1,East,Marquette,10,73,South Carolina,93,16,29,29,29,54,40,40,40,0,0,0
2017,1,2,West,Maryland,6,65,Xavier,76,26,27,27,27,37,19,19,19,0,0,0
2017,1,3,Midwest,Miami FL,8,58,Michigan St.,78,30,37,37,37,32,23,23,23,0,0,0
2017,1,3,Midwest,Michigan,7,92,Oklahoma St.,91,47,53,53,53,18,30,30,30,0,1,1
2017,2,3,Midwest,Michigan,7,73,Louisville,69,47,53,53,53,49,52,52,52,0,0,1
2017,3,3,Midwest,Michigan,7,68,Oregon,69,47,53,53,53,58,62,62,62,0,0,0
2017,1,3,Midwest,Michigan St.,9,78,Miami FL,58,32,23,23,23,30,37,37,37,0,1,1
2017,2,3,Midwest,Michigan St.,9,70,Kansas,90,32,23,23,23,55,55,55,55,0,0,0
2017,1,4,South,Middle Tennessee,12,81,Minnesota,72,34,28,28,28,32,32,32,32,0,1,1
2017,2,4,South,Middle Tennessee,12,65,Butler,74,34,28,28,28,37,36,36,36,0,0,0
2017,1,4,South,Minnesota,5,72,Middle Tennessee,81,32,32,32,32,34,28,28,28,0,0,0
2017,1,1,East,Mount St. Mary's,16,56,Villanova,76,10,10,10,10,61,63,63,63,0,0,0
2017,1,3,Midwest,Nevada,12,73,Iowa St.,84,19,13,13,13,41,49,49,49,0,0,0
2017,1,1,East,New Mexico St.,14,73,Baylor,91,16,14,14,14,44,50,50,50,0,0,0
2017,1,4,South,North Carolina,1,103,Texas Southern,64,63,59,59,59,10,1,1,1,0,1,1
2017,2,4,South,North Carolina,1,72,Arkansas,65,63,59,59,59,27,21,21,21,0,1,1
2017,3,4,South,North Carolina,1,92,Butler,80,63,59,59,59,37,36,36,36,0,1,1
2017,4,4,South,North Carolina,1,75,Kentucky,73,63,59,59,59,60,60,60,60,0,1,1
2017,5,2,Final Four,North Carolina,1,77,Oregon,76,63,59,59,59,58,62,62,62,0,1,1
2017,6,1,Championship,North Carolina,1,71,Gonzaga,65,63,59,59,59,60,61,61,61,0,1,1
2017,1,2,West,North Dakota,15,82,Arizona,100,9,7,7,7,46,39,39,39,0,0,0
2017,1,4,South,Northern Kentucky,15,70,Kentucky,79,9,5,5,5,60,60,60,60,0,0,0
2017,1,2,West,Northwestern,8,68,Vanderbilt,66,33,34,34,34,27,31,31,31,0,1,1
2017,2,2,West,Northwestern,8,73,Gonzaga,79,33,34,34,34,60,61,61,61,0,0,0
2017,1,2,West,Notre Dame,5,60,Princeton,58,39,47,47,47,20,24,24,24,0,1,1
2017,2,2,West,Notre Dame,5,71,West Virginia,83,39,47,47,47,50,57,57,57,0,0,0
2017,1,3,Midwest,Oklahoma St.,10,91,Michigan,92,18,30,30,30,47,53,53,53,0,0,0
2017,1,3,Midwest,Oregon,3,93,Iona,77,58,62,62,62,10,9,9,9,0,1,1
2017,2,3,Midwest,Oregon,3,75,Rhode Island,72,58,62,62,62,42,33,33,33,0,1,1
2017,3,3,Midwest,Oregon,3,69,Michigan,68,58,62,62,62,47,53,53,53,0,1,1
2017,4,3,Midwest,Oregon,3,74,Kansas,60,58,62,62,62,55,55,55,55,0,1,1
2017,5,2,Final Four,Oregon,3,76,North Carolina,77,58,62,62,62,63,59,59,59,0,0,0
2017,1,2,West,Princeton,12,58,Notre Dame,60,20,24,24,24,39,47,47,47,0,0,0
2017,1,3,Midwest,Purdue,4,80,Vermont,70,50,45,45,45,23,22,22,22,0,1,1
2017,2,3,Midwest,Purdue,4,80,Iowa St.,76,50,45,45,45,41,49,49,49,0,1,1
2017,3,3,Midwest,Purdue,4,66,Kansas,98,50,45,45,45,55,55,55,55,0,0,0
2017,1,3,Midwest,Rhode Island,11,84,Creighton,72,42,33,33,33,38,46,46,46,0,1,1
2017,2,3,Midwest,Rhode Island,11,72,Oregon,75,42,33,33,33,58,62,62,62,0,0,0
2017,1,2,West,Saint Mary's,7,85,VCU,77,55,56,56,56,21,17,17,17,0,1,1
2017,2,2,West,Saint Mary's,7,60,Arizona,69,55,56,56,56,46,39,39,39,0,1,0
2017,1,4,South,Seton Hall,9,71,Arkansas,77,18,15,15,15,27,21,21,21,0,0,0
2017,1,1,East,SMU,6,65,USC,66,51,48,48,48,34,20,20,20,0,1,0
2017,1,1,East,South Carolina,7,93,Marquette,73,54,40,40,40,16,29,29,29,0,1,1
2017,2,1,East,South Carolina,7,88,Duke,81,54,40,40,40,50,51,51,51,0,1,1
2017,3,1,East,South Carolina,7,70,Baylor,50,54,40,40,40,44,50,50,50,0,1,1
2017,4,1,East,South Carolina,7,77,Florida,70,54,40,40,40,54,54,54,54,1,1,1
2017,5,1,Final Four,South Carolina,7,73,Gonzaga,77,54,40,40,40,60,61,61,61,0,0,0
2017,1,2,West,South Dakota St.,16,46,Gonzaga,66,1,2,2,2,60,61,61,61,0,0,0
2017,1,4,South,Texas Southern,16,64,North Carolina,103,10,1,1,1,63,59,59,59,0,0,0
2017,1,1,East,Troy,15,65,Duke,87,10,4,4,4,50,51,51,51,0,0,0
2017,1,3,Midwest,UC Davis,16,62,Kansas,100,10,3,3,3,55,55,55,55,0,0,0
2017,1,4,South,UCLA,3,97,Kent St.,80,52,42,42,42,7,6,6,6,0,1,1
2017,2,4,South,UCLA,3,79,Cincinnati,67,52,42,42,42,49,58,58,58,0,1,1
2017,3,4,South,UCLA,3,75,Kentucky,86,52,42,42,42,60,60,60,60,0,0,0
2017,1,1,East,UNC Wilmington,12,71,Virginia,76,26,26,26,26,34,44,44,44,0,0,0
2017,1,1,East,USC,11,66,SMU,65,34,20,20,20,51,48,48,48,0,0,1
2017,2,1,East,USC,11,78,Baylor,82,34,20,20,20,44,50,50,50,0,0,0
2017,1,2,West,Vanderbilt,9,66,Northwestern,68,27,31,31,31,33,34,34,34,0,0,0
2017,1,2,West,VCU,10,77,Saint Mary's,85,21,17,17,17,55,56,56,56,0,0,0
2017,1,3,Midwest,Vermont,13,70,Purdue,80,23,22,22,22,50,45,45,45,0,0,0
2017,1,1,East,Villanova,1,76,Mount St. Mary's,56,61,63,63,63,10,10,10,10,0,1,1
2017,2,1,East,Villanova,1,62,Wisconsin,65,61,63,63,63,47,43,43,43,0,1,0
2017,1,1,East,Virginia,5,76,UNC Wilmington,71,34,44,44,44,26,26,26,26,0,1,1
2017,2,1,East,Virginia,5,39,Florida,65,34,44,44,44,54,54,54,54,0,0,0
2017,1,1,East,Virginia Tech,9,74,Wisconsin,84,16,25,25,25,47,43,43,43,0,0,0
2017,1,2,West,West Virginia,4,86,Bucknell,80,50,57,57,57,16,12,12,12,0,1,1
2017,2,2,West,West Virginia,4,83,Notre Dame,71,50,57,57,57,39,47,47,47,0,1,1
2017,3,2,West,West Virginia,4,58,Gonzaga,61,50,57,57,57,60,61,61,61,0,0,0
2017,1,4,South,Wichita St.,10,64,Dayton,58,48,41,41,41,24,18,18,18,0,1,1
2017,2,4,South,Wichita St.,10,62,Kentucky,65,48,41,41,41,60,60,60,60,0,0,0
2017,1,4,South,Winthrop,13,64,Butler,76,12,8,8,8,37,36,36,36,0,0,0
2017,1,1,East,Wisconsin,8,84,Virginia Tech,74,47,43,43,43,16,25,25,25,0,1,1
2017,2,1,East,Wisconsin,8,65,Villanova,62,47,43,43,43,61,63,63,63,0,0,1
2017,3,1,East,Wisconsin,8,83,Florida,84,47,43,43,43,54,54,54,54,0,0,0
2017,1,2,West,Xavier,11,76,Maryland,65,37,19,19,19,26,27,27,27,0,1,1
2017,2,2,West,Xavier,11,91,Florida St.,66,37,19,19,19,37,38,38,38,1,1,1
2017,3,2,West,Xavier,11,73,Arizona,71,37,19,19,19,46,39,39,39,0,0,1
2017,4,2,West,Xavier,11,59,Gonzaga,83,37,19,19,19,60,61,61,61,0,0,0
2018,1,3,East,Alabama,9,86,Virginia Tech,83,32,24,24,24,26,30,30,30,0,1,1
2018,2,3,East,Alabama,9,58,Villanova,81,32,24,24,24,63,63,63,63,0,0,0
2018,1,1,South,Arizona,4,68,Buffalo,89,27,27,27,27,30,17,17,17,0,0,0
2018,1,3,East,Arkansas,7,62,Butler,79,20,28,28,28,40,46,46,46,0,0,0
2018,1,4,Midwest,Auburn,4,62,College of Charleston,58,30,23,23,23,7,5,5,5,0,1,1
2018,2,4,Midwest,Auburn,4,53,Clemson,84,30,23,23,23,48,47,47,47,0,0,0
2018,1,4,Midwest,Bucknell,14,78,Michigan St.,82,10,4,4,4,52,57,57,57,0,0,0
2018,1,1,South,Buffalo,13,89,Arizona,68,30,17,17,17,27,27,27,27,0,1,1
2018,2,1,South,Buffalo,13,75,Kentucky,95,30,17,17,17,42,45,45,45,0,0,0
2018,1,3,East,Butler,10,79,Arkansas,62,40,46,46,46,20,28,28,28,0,1,1
2018,2,3,East,Butler,10,73,Purdue,76,40,46,46,46,58,55,55,55,0,0,0
2018,1,3,East,Cal St. Fullerton,15,48,Purdue,74,5,0,0,0,58,55,55,55,0,0,0
2018,1,1,South,Cincinnati,2,68,Georgia St.,53,54,56,56,56,17,13,13,13,0,1,1
2018,2,1,South,Cincinnati,2,73,Nevada,75,54,56,56,56,45,31,31,31,0,1,0
2018,1,4,Midwest,Clemson,5,79,New Mexico St.,68,48,47,47,47,33,34,34,34,0,1,1
2018,2,4,Midwest,Clemson,5,84,Auburn,53,48,47,47,47,30,23,23,23,0,1,1
2018,3,4,Midwest,Clemson,5,76,Kansas,80,48,47,47,47,60,61,61,61,0,0,0
2018,1,4,Midwest,College of Charleston,13,58,Auburn,62,7,5,5,5,30,23,23,23,0,0,0
2018,1,1,South,Creighton,8,59,Kansas St.,69,32,37,37,37,47,54,54,54,0,0,0
2018,1,1,South,Davidson,12,73,Kentucky,78,13,20,20,20,42,45,45,45,0,0,0
2018,1,4,Midwest,Duke,2,89,Iona,67,59,62,62,62,6,6,6,6,0,1,1
2018,2,4,Midwest,Duke,2,87,Rhode Island,62,59,62,62,62,29,32,32,32,0,1,1
2018,3,4,Midwest,Duke,2,69,Syracuse,65,59,62,62,62,48,38,38,38,0,1,1
2018,4,4,Midwest,Duke,2,81,Kansas,85,59,62,62,62,60,61,61,61,0,0,0
2018,1,3,East,Florida,6,77,St. Bonaventure,62,41,52,52,52,18,14,14,14,0,1,1
2018,2,3,East,Florida,6,66,Texas Tech,69,41,52,52,52,55,50,50,50,0,0,0
2018,1,2,West,Florida St.,9,67,Missouri,54,44,29,29,29,24,19,19,19,0,1,1
2018,2,2,West,Florida St.,9,75,Xavier,70,44,29,29,29,36,39,39,39,0,1,1
2018,3,2,West,Florida St.,9,75,Gonzaga,60,44,29,29,29,59,51,51,51,0,0,1
2018,4,2,West,Florida St.,9,54,Michigan,58,44,29,29,29,58,59,59,59,0,0,0
2018,1,1,South,Georgia St.,15,53,Cincinnati,68,17,13,13,13,54,56,56,56,0,0,0
2018,1,2,West,Gonzaga,4,68,UNC Greensboro,64,59,51,51,51,21,33,33,33,0,1,1
2018,2,2,West,Gonzaga,4,90,Ohio St.,84,59,51,51,51,52,53,53,53,0,1,1
2018,3,2,West,Gonzaga,4,60,Florida St.,75,59,51,51,51,44,29,29,29,0,1,0
2018,1,2,West,Houston,6,67,San Diego St.,65,51,48,48,48,42,35,35,35,0,1,1
2018,2,2,West,Houston,6,63,Michigan,64,51,48,48,48,58,59,59,59,0,0,0
2018,1,4,Midwest,Iona,15,67,Duke,89,6,6,6,6,59,62,62,62,0,0,0
2018,1,4,Midwest,Kansas,1,76,Penn,60,60,61,61,61,16,9,9,9,0,1,1
2018,2,4,Midwest,Kansas,1,83,Seton Hall,79,60,61,61,61,32,36,36,36,0,1,1
2018,3,4,Midwest,Kansas,1,80,Clemson,76,60,61,61,61,48,47,47,47,0,1,1
2018,4,4,Midwest,Kansas,1,85,Duke,81,60,61,61,61,59,62,62,62,0,1,1
2018,5,2,Final Four,Kansas,1,79,Villanova,95,60,61,61,61,63,63,63,63,0,0,0
2018,1,1,South,Kansas St.,9,69,Creighton,59,47,54,54,54,32,37,37,37,0,1,1
2018,2,1,South,Kansas St.,9,50,UMBC,43,47,54,54,54,9,8,8,8,0,1,1
2018,3,1,South,Kansas St.,9,61,Kentucky,58,47,54,54,54,42,45,45,45,0,1,1
2018,4,1,South,Kansas St.,9,62,Loyola Chicago,78,47,54,54,54,55,44,44,44,0,0,0
2018,1,1,South,Kentucky,5,78,Davidson,73,42,45,45,45,13,20,20,20,0,1,1
2018,2,1,South,Kentucky,5,95,Buffalo,75,42,45,45,45,30,17,17,17,0,1,1
2018,3,1,South,Kentucky,5,58,Kansas St.,61,42,45,45,45,47,54,54,54,0,0,0
2018,1,2,West,Lipscomb,15,66,North Carolina,84,6,3,3,3,38,40,40,40,0,0,0
2018,1,1,South,Loyola Chicago,11,64,Miami FL,62,55,44,44,44,36,42,42,42,0,1,1
2018,2,1,South,Loyola Chicago,11,63,Tennessee,62,55,44,44,44,51,58,58,58,0,1,1
2018,3,1,South,Loyola Chicago,11,69,Nevada,68,55,44,44,44,45,31,31,31,0,1,1
2018,4,1,South,Loyola Chicago,11,78,Kansas St.,62,55,44,44,44,47,54,54,54,0,1,1
2018,5,1,Final Four,Loyola Chicago,11,57,Michigan,69,55,44,44,44,58,59,59,59,0,0,0
2018,1,3,East,Marshall,13,81,Wichita St.,75,15,11,11,11,16,12,12,12,0,0,1
2018,2,3,East,Marshall,13,71,West Virginia,94,15,11,11,11,49,49,49,49,0,0,0
2018,1,1,South,Miami FL,6,62,Loyola Chicago,64,36,42,42,42,55,44,44,44,0,0,0
2018,1,2,West,Michigan,3,61,Montana,47,58,59,59,59,11,10,10,10,0,1,1
2018,2,2,West,Michigan,3,64,Houston,63,58,59,59,59,51,48,48,48,0,1,1
2018,3,2,West,Michigan,3,99,Texas A&M,72,58,59,59,59,45,41,41,41,0,1,1
2018,4,2,West,Michigan,3,58,Florida St.,54,58,59,59,59,44,29,29,29,0,1,1
2018,5,1,Final Four,Michigan,3,69,Loyola Chicago,57,58,59,59,59,55,44,44,44,0,1,1
2018,6,1,Championship,Michigan,3,62,Villanova,79,58,59,59,59,63,63,63,63,0,0,0
2018,1,4,Midwest,Michigan St.,3,82,Bucknell,78,52,57,57,57,10,4,4,4,0,1,1
2018,2,4,Midwest,Michigan St.,3,53,Syracuse,55,52,57,57,57,48,38,38,38,0,1,0
2018,1,2,West,Missouri,8,54,Florida St.,67,24,19,19,19,44,29,29,29,0,0,0
2018,1,2,West,Montana,14,47,Michigan,61,11,10,10,10,58,59,59,59,0,0,0
2018,1,3,East,Murray St.,12,68,West Virginia,85,24,15,15,15,49,49,49,49,0,0,0
2018,1,1,South,Nevada,7,87,Texas,83,45,31,31,31,37,43,43,43,0,1,1
2018,2,1,South,Nevada,7,75,Cincinnati,73,45,31,31,31,54,56,56,56,0,0,1
2018,3,1,South,Nevada,7,68,Loyola Chicago,69,45,31,31,31,55,44,44,44,0,0,0
2018,1,4,Midwest,New Mexico St.,12,68,Clemson,79,33,34,34,34,48,47,47,47,0,0,0
2018,1,2,West,North Carolina,2,84,Lipscomb,66,38,40,40,40,6,3,3,3,0,1,1
2018,2,2,West,North Carolina,2,65,Texas A&M,86,38,40,40,40,45,41,41,41,0,0,0
2018,1,4,Midwest,North Carolina St.,9,83,Seton Hall,94,18,26,26,26,32,36,36,36,0,0,0
2018,1,2,West,Ohio St.,5,81,South Dakota St.,73,52,53,53,53,21,16,16,16,0,1,1
2018,2,2,West,Ohio St.,5,84,Gonzaga,90,52,53,53,53,59,51,51,51,0,0,0
2018,1,4,Midwest,Oklahoma,10,78,Rhode Island,83,14,22,22,22,29,32,32,32,0,0,0
2018,1,4,Midwest,Penn,16,60,Kansas,76,16,9,9,9,60,61,61,61,0,0,0
2018,1,2,West,Providence,10,69,Texas A&M,73,18,21,21,21,45,41,41,41,0,0,0
2018,1,3,East,Purdue,2,74,Cal St. Fullerton,48,58,55,55,55,5,0,0,0,0,1,1
2018,2,3,East,Purdue,2,76,Butler,73,58,55,55,55,40,46,46,46,0,1,1
2018,3,3,East,Purdue,2,65,Texas Tech,78,58,55,55,55,55,50,50,50,0,1,0
2018,1,3,East,Radford,16,61,Villanova,87,6,2,2,2,63,63,63,63,0,0,0
2018,1,4,Midwest,Rhode Island,7,83,Oklahoma,78,29,32,32,32,14,22,22,22,0,1,1
2018,2,4,Midwest,Rhode Island,7,62,Duke,87,29,32,32,32,59,62,62,62,0,0,0
2018,1,2,West,San Diego St.,11,65,Houston,67,42,35,35,35,51,48,48,48,0,0,0
2018,1,4,Midwest,Seton Hall,8,94,North Carolina St.,83,32,36,36,36,18,26,26,26,0,1,1
2018,2,4,Midwest,Seton Hall,8,79,Kansas,83,32,36,36,36,60,61,61,61,0,0,0
2018,1,2,West,South Dakota St.,12,73,Ohio St.,81,21,16,16,16,52,53,53,53,0,0,0
2018,1,3,East,St. Bonaventure,11,62,Florida,77,18,14,14,14,41,52,52,52,0,0,0
2018,1,3,East,Stephen F. Austin,14,60,Texas Tech,70,17,18,18,18,55,50,50,50,0,0,0
2018,1,4,Midwest,Syracuse,11,57,TCU,52,48,38,38,38,21,25,25,25,0,1,1
2018,2,4,Midwest,Syracuse,11,55,Michigan St.,53,48,38,38,38,52,57,57,57,0,0,1
2018,3,4,Midwest,Syracuse,11,65,Duke,69,48,38,38,38,59,62,62,62,0,0,0
2018,1,4,Midwest,TCU,6,52,Syracuse,57,21,25,25,25,48,38,38,38,0,0,0
2018,1,1,South,Tennessee,3,73,Wright St.,47,51,58,58,58,15,7,7,7,0,1,1
2018,2,1,South,Tennessee,3,62,Loyola Chicago,63,51,58,58,58,55,44,44,44,0,0,0
2018,1,1,South,Texas,10,83,Nevada,87,37,43,43,43,45,31,31,31,0,0,0
2018,1,2,West,Texas A&M,7,73,Providence,69,45,41,41,41,18,21,21,21,0,1,1
2018,2,2,West,Texas A&M,7,86,North Carolina,65,45,41,41,41,38,40,40,40,0,1,1
2018,3,2,West,Texas A&M,7,72,Michigan,99,45,41,41,41,58,59,59,59,0,0,0
2018,1,2,West,Texas Southern,16,83,Xavier,102,6,1,1,1,36,39,39,39,0,0,0
2018,1,3,East,Texas Tech,3,70,Stephen F. Austin,60,55,50,50,50,17,18,18,18,0,1,1
2018,2,3,East,Texas Tech,3,69,Florida,66,55,50,50,50,41,52,52,52,0,1,1
2018,3,3,East,Texas Tech,3,78,Purdue,65,55,50,50,50,58,55,55,55,0,0,1
2018,4,3,East,Texas Tech,3,59,Villanova,71,55,50,50,50,63,63,63,63,0,0,0
2018,1,1,South,UMBC,16,74,Virginia,54,9,8,8,8,52,60,60,60,0,0,1
2018,2,1,South,UMBC,16,43,Kansas St.,50,9,8,8,8,47,54,54,54,0,0,0
2018,1,2,West,UNC Greensboro,13,64,Gonzaga,68,21,33,33,33,59,51,51,51,0,0,0
2018,1,3,East,Villanova,1,87,Radford,61,63,63,63,63,6,2,2,2,0,1,1
2018,2,3,East,Villanova,1,81,Alabama,58,63,63,63,63,32,24,24,24,0,1,1
2018,3,3,East,Villanova,1,90,West Virginia,78,63,63,63,63,49,49,49,49,0,1,1
2018,4,3,East,Villanova,1,71,Texas Tech,59,63,63,63,63,55,50,50,50,0,1,1
2018,5,2,Final Four,Villanova,1,95,Kansas,79,63,63,63,63,60,61,61,61,0,1,1
2018,6,1,Championship,Villanova,1,79,Michigan,62,63,63,63,63,58,59,59,59,0,1,1
2018,1,1,South,Virginia,1,54,UMBC,74,52,60,60,60,9,8,8,8,0,1,0
2018,1,3,East,Virginia Tech,8,83,Alabama,86,26,30,30,30,32,24,24,24,0,0,0
2018,1,3,East,West Virginia,5,85,Murray St.,68,49,49,49,49,24,15,15,15,0,1,1
2018,2,3,East,West Virginia,5,94,Marshall,71,49,49,49,49,15,11,11,11,0,1,1
2018,3,3,East,West Virginia,5,78,Villanova,90,49,49,49,49,63,63,63,63,0,0,0
2018,1,3,East,Wichita St.,4,75,Marshall,81,16,12,12,12,15,11,11,11,0,1,0
2018,1,1,South,Wright St.,14,47,Tennessee,73,15,7,7,7,51,58,58,58,0,0,0
2018,1,2,West,Xavier,1,102,Texas Southern,83,36,39,39,39,6,1,1,1,0,1,1
2018,2,2,West,Xavier,1,70,Florida St.,75,36,39,39,39,44,29,29,29,0,0,0
2019,1,4,Midwest,Abilene Christian,15,44,Kentucky,79,12,12,12,12,57,52,52,52,0,0,0
2019,1,2,West,Arizona St.,11,74,Buffalo,91,16,10,10,10,48,48,48,48,0,0,0
2019,1,4,Midwest,Auburn,5,78,New Mexico St.,77,56,58,58,58,24,24,24,24,0,1,1
2019,2,4,Midwest,Auburn,5,89,Kansas,75,56,58,58,58,44,47,47,47,0,1,1
2019,3,4,Midwest,Auburn,5,97,North Carolina,80,56,58,58,58,54,53,53,53,0,1,1
2019,4,4,Midwest,Auburn,5,77,Kentucky,71,56,58,58,58,57,52,52,52,0,0,1
2019,5,2,Final Four,Auburn,5,62,Virginia,63,56,58,58,58,63,63,63,63,0,0,0
2019,1,2,West,Baylor,9,78,Syracuse,69,25,23,23,23,26,32,32,32,0,0,1
2019,2,2,West,Baylor,9,71,Gonzaga,83,25,23,23,23,61,60,60,60,0,0,0
2019,1,1,East,Belmont,11,77,Maryland,79,29,25,25,25,33,29,29,29,0,0,0
2019,1,1,East,Bradley,15,65,Michigan St.,76,6,0,0,0,61,57,57,57,0,0,0
2019,1,2,West,Buffalo,6,91,Arizona St.,74,48,48,48,48,16,10,10,10,0,1,1
2019,2,2,West,Buffalo,6,58,Texas Tech,78,48,48,48,48,61,61,61,61,0,0,0
2019,1,3,South,Cincinnati,7,72,Iowa,79,39,37,37,37,26,22,22,22,0,1,0
2019,1,3,South,Colgate,15,70,Tennessee,77,12,14,14,14,56,54,54,54,0,0,0
2019,1,1,East,Duke,1,85,North Dakota St.,62,59,62,62,62,4,2,2,2,0,1,1
2019,2,1,South,Duke,1,77,UCF,76,59,62,62,62,46,39,39,39,0,1,1
2019,3,1,South,Duke,1,75,Virginia Tech,73,59,62,62,62,54,56,56,56,0,1,1
2019,4,1,South,Duke,1,67,Michigan St.,68,59,62,62,62,61,57,57,57,0,0,0
2019,1,2,West,Fairleigh Dickinson,16,49,Gonzaga,87,2,3,3,3,61,60,60,60,0,0,0
2019,1,2,West,Florida,10,70,Nevada,61,43,49,49,49,35,28,28,28,0,1,1
2019,2,2,West,Florida,10,49,Michigan,64,43,49,49,49,53,59,59,59,0,0,0
2019,1,2,West,Florida St.,4,76,Vermont,69,46,41,41,41,11,8,8,8,0,1,1
2019,2,2,West,Florida St.,4,90,Murray St.,62,46,41,41,41,35,31,31,31,0,1,1
2019,3,2,West,Florida St.,4,58,Gonzaga,72,46,41,41,41,61,60,60,60,0,0,0
2019,1,3,South,Gardner Webb,16,56,Virginia,71,12,6,6,6,63,63,63,63,0,0,0
2019,1,4,Midwest,Georgia St.,14,55,Houston,84,8,13,13,13,55,55,55,55,0,0,0
2019,1,2,West,Gonzaga,1,87,Fairleigh Dickinson,49,61,60,60,60,2,3,3,3,0,1,1
2019,2,2,West,Gonzaga,1,83,Baylor,71,61,60,60,60,25,23,23,23,0,1,1
2019,3,2,West,Gonzaga,1,72,Florida St.,58,61,60,60,60,46,41,41,41,0,1,1
2019,4,2,West,Gonzaga,1,69,Texas Tech,75,61,60,60,60,61,61,61,61,1,1,0
2019,1,4,Midwest,Houston,3,84,Georgia St.,55,55,55,55,55,8,13,13,13,0,1,1
2019,2,4,Midwest,Houston,3,74,Ohio St.,59,55,55,55,55,24,20,20,20,0,1,1
2019,3,4,Midwest,Houston,3,58,Kentucky,62,55,55,55,55,57,52,52,52,0,0,0
2019,1,4,Midwest,Iona,16,73,North Carolina,88,4,1,1,1,54,53,53,53,0,0,0
2019,1,3,South,Iowa,10,79,Cincinnati,72,26,22,22,22,39,37,37,37,0,0,1
2019,2,3,East,Iowa,10,77,Tennessee,83,26,22,22,22,56,54,54,54,0,0,0
2019,1,4,Midwest,Iowa St.,6,59,Ohio St.,62,34,43,43,43,24,20,20,20,0,1,0
2019,1,4,Midwest,Kansas,4,87,Northeastern,53,44,47,47,47,6,7,7,7,0,1,1
2019,2,4,Midwest,Kansas,4,75,Auburn,89,44,47,47,47,56,58,58,58,0,0,0
2019,1,3,South,Kansas St.,4,64,UC Irvine,70,41,50,50,50,24,18,18,18,0,1,0
2019,1,4,Midwest,Kentucky,2,79,Abilene Christian,44,57,52,52,52,12,12,12,12,0,1,1
2019,2,4,Midwest,Kentucky,2,62,Wofford,56,57,52,52,52,34,46,46,46,0,1,1
2019,3,4,Midwest,Kentucky,2,62,Houston,58,57,52,52,52,55,55,55,55,0,1,1
2019,4,4,Midwest,Kentucky,2,71,Auburn,77,57,52,52,52,56,58,58,58,0,1,0
2019,1,1,East,Liberty,12,80,Mississippi St.,76,32,26,26,26,29,38,38,38,0,1,1
2019,2,1,South,Liberty,12,58,Virginia Tech,67,32,26,26,26,54,56,56,56,0,0,0
2019,1,1,East,Louisville,7,76,Minnesota,86,34,34,34,34,33,19,19,19,0,1,0
2019,1,1,East,LSU,3,79,Yale,74,48,44,44,44,16,11,11,11,0,1,1
2019,2,1,South,LSU,3,69,Maryland,67,48,44,44,44,33,29,29,29,0,1,1
2019,3,1,South,LSU,3,63,Michigan St.,80,48,44,44,44,61,57,57,57,0,0,0
2019,1,2,West,Marquette,5,64,Murray St.,83,19,21,21,21,35,31,31,31,0,0,0
2019,1,1,East,Maryland,6,79,Belmont,77,33,29,29,29,29,25,25,25,0,1,1
2019,2,1,South,Maryland,6,67,LSU,69,33,29,29,29,48,44,44,44,0,0,0
2019,1,2,West,Michigan,2,74,Montana,55,53,59,59,59,9,4,4,4,0,1,1
2019,2,2,West,Michigan,2,64,Florida,49,53,59,59,59,43,49,49,49,0,1,1
2019,3,2,West,Michigan,2,44,Texas Tech,63,53,59,59,59,61,61,61,61,0,0,0
2019,1,1,East,Michigan St.,2,76,Bradley,65,61,57,57,57,6,0,0,0,0,1,1
2019,2,1,South,Michigan St.,2,70,Minnesota,50,61,57,57,57,33,19,19,19,0,1,1
2019,3,1,South,Michigan St.,2,80,LSU,63,61,57,57,57,48,44,44,44,0,1,1
2019,4,1,South,Michigan St.,2,68,Duke,67,61,57,57,57,59,62,62,62,0,1,1
2019,5,1,Final Four,Michigan St.,2,51,Texas Tech,61,61,57,57,57,61,61,61,61,1,0,0
2019,1,1,East,Minnesota,10,86,Louisville,76,33,19,19,19,34,34,34,34,0,0,1
2019,2,1,South,Minnesota,10,50,Michigan St.,70,33,19,19,19,61,57,57,57,0,0,0
2019,1,3,South,Mississippi,8,72,Oklahoma,95,22,27,27,27,36,35,35,35,0,0,0
2019,1,1,East,Mississippi St.,5,76,Liberty,80,29,38,38,38,32,26,26,26,0,0,0
2019,1,2,West,Montana,15,55,Michigan,74,9,4,4,4,53,59,59,59,0,0,0
2019,1,2,West,Murray St.,12,83,Marquette,64,35,31,31,31,19,21,21,21,0,1,1
2019,2,2,West,Murray St.,12,62,Florida St.,90,35,31,31,31,46,41,41,41,0,0,0
2019,1,2,West,Nevada,7,61,Florida,70,35,28,28,28,43,49,49,49,0,0,0
2019,1,4,Midwest,New Mexico St.,12,77,Auburn,78,24,24,24,24,56,58,58,58,0,0,0
2019,1,4,Midwest,North Carolina,1,88,Iona,73,54,53,53,53,4,1,1,1,0,1,1
2019,2,4,Midwest,North Carolina,1,81,Washington,59,54,53,53,53,28,36,36,36,0,1,1
2019,3,4,Midwest,North Carolina,1,80,Auburn,97,54,53,53,53,56,58,58,58,0,0,0
2019,1,1,East,North Dakota St.,16,62,Duke,85,4,2,2,2,59,62,62,62,0,0,0
2019,1,4,Midwest,Northeastern,13,53,Kansas,87,6,7,7,7,44,47,47,47,0,0,0
2019,1,2,West,Northern Kentucky,14,57,Texas Tech,72,14,9,9,9,61,61,61,61,0,0,0
2019,1,4,Midwest,Ohio St.,11,62,Iowa St.,59,24,20,20,20,34,43,43,43,0,0,1
2019,2,4,Midwest,Ohio St.,11,59,Houston,74,24,20,20,20,55,55,55,55,0,0,0
2019,1,3,South,Oklahoma,9,95,Mississippi,72,36,35,35,35,22,27,27,27,0,1,1
2019,2,3,East,Oklahoma,9,51,Virginia,63,36,35,35,35,63,63,63,63,0,0,0
2019,1,3,South,Old Dominion,14,48,Purdue,61,20,16,16,16,57,51,51,51,0,0,0
2019,1,3,South,Oregon,12,72,Wisconsin,54,45,42,42,42,33,45,45,45,0,1,1
2019,2,3,East,Oregon,12,73,UC Irvine,54,45,42,42,42,24,18,18,18,0,1,1
2019,3,3,East,Oregon,12,49,Virginia,53,45,42,42,42,63,63,63,63,0,0,0
2019,1,3,South,Purdue,3,61,Old Dominion,48,57,51,51,51,20,16,16,16,0,1,1
2019,2,3,East,Purdue,3,87,Villanova,61,57,51,51,51,32,30,30,30,0,1,1
2019,3,3,East,Purdue,3,99,Tennessee,94,57,51,51,51,56,54,54,54,0,1,1
2019,4,3,East,Purdue,3,75,Virginia,80,57,51,51,51,63,63,63,63,0,0,0
2019,1,1,East,Saint Louis,13,52,Virginia Tech,66,12,5,5,5,54,56,56,56,0,0,0
2019,1,3,South,Saint Mary's,11,57,Villanova,61,32,33,33,33,32,30,30,30,1,0,0
2019,1,4,Midwest,Seton Hall,10,68,Wofford,84,16,15,15,15,34,46,46,46,0,0,0
2019,1,2,West,Syracuse,8,69,Baylor,78,26,32,32,32,25,23,23,23,0,1,0
2019,1,3,South,Tennessee,2,77,Colgate,70,56,54,54,54,12,14,14,14,0,1,1
2019,2,3,East,Tennessee,2,83,Iowa,77,56,54,54,54,26,22,22,22,0,1,1
2019,3,3,East,Tennessee,2,94,Purdue,99,56,54,54,54,57,51,51,51,0,0,0
2019,1,2,West,Texas Tech,3,72,Northern Kentucky,57,61,61,61,61,14,9,9,9,0,1,1
2019,2,2,West,Texas Tech,3,78,Buffalo,58,61,61,61,61,48,48,48,48,0,1,1
2019,3,2,West,Texas Tech,3,63,Michigan,44,61,61,61,61,53,59,59,59,0,1,1
2019,4,2,West,Texas Tech,3,75,Gonzaga,69,61,61,61,61,61,60,60,60,1,0,1
2019,5,1,Final Four,Texas Tech,3,61,Michigan St.,51,61,61,61,61,61,57,57,57,1,1,1
2019,6,1,Championship,Texas Tech,3,77,Virginia,85,61,61,61,61,63,63,63,63,0,0,0
2019,1,3,South,UC Irvine,13,70,Kansas St.,64,24,18,18,18,41,50,50,50,0,0,1
2019,2,3,East,UC Irvine,13,54,Oregon,73,24,18,18,18,45,42,42,42,0,0,0
2019,1,1,East,UCF,9,73,VCU,58,46,39,39,39,37,40,40,40,0,1,1
2019,2,1,South,UCF,9,76,Duke,77,46,39,39,39,59,62,62,62,0,0,0
2019,1,4,Midwest,Utah St.,8,61,Washington,78,23,17,17,17,28,36,36,36,0,0,0
2019,1,1,East,VCU,8,58,UCF,73,37,40,40,40,46,39,39,39,0,0,0
2019,1,2,West,Vermont,13,69,Florida St.,76,11,8,8,8,46,41,41,41,0,0,0
2019,1,3,South,Villanova,6,61,Saint Mary's,57,32,30,30,30,32,33,33,33,1,1,1
2019,2,3,East,Villanova,6,61,Purdue,87,32,30,30,30,57,51,51,51,0,0,0
2019,1,3,South,Virginia,1,71,Gardner Webb,56,63,63,63,63,12,6,6,6,0,1,1
2019,2,3,East,Virginia,1,63,Oklahoma,51,63,63,63,63,36,35,35,35,0,1,1
2019,3,3,East,Virginia,1,53,Oregon,49,63,63,63,63,45,42,42,42,0,1,1
2019,4,3,East,Virginia,1,80,Purdue,75,63,63,63,63,57,51,51,51,0,1,1
2019,5,2,Final Four,Virginia,1,63,Auburn,62,63,63,63,63,56,58,58,58,0,1,1
2019,6,1,Championship,Virginia,1,85,Texas Tech,77,63,63,63,63,61,61,61,61,0,1,1
2019,1,1,East,Virginia Tech,4,66,Saint Louis,52,54,56,56,56,12,5,5,5,0,1,1
2019,2,1,South,Virginia Tech,4,67,Liberty,58,54,56,56,56,32,26,26,26,0,1,1
2019,3,1,South,Virginia Tech,4,73,Duke,75,54,56,56,56,59,62,62,62,0,0,0
2019,1,4,Midwest,Washington,9,78,Utah St.,61,28,36,36,36,23,17,17,17,0,1,1
2019,2,4,Midwest,Washington,9,59,North Carolina,81,28,36,36,36,54,53,53,53,0,0,0
2019,1,3,South,Wisconsin,5,54,Oregon,72,33,45,45,45,45,42,42,42,0,0,0
2019,1,4,Midwest,Wofford,7,84,Seton Hall,68,34,46,46,46,16,15,15,15,0,1,1
2019,2,4,Midwest,Wofford,7,56,Kentucky,62,34,46,46,46,57,52,52,52,0,0,0
2019,1,1,East,Yale,14,74,LSU,79,16,11,11,11,48,44,44,44,0,0,0
